{"奶奶的拐杖":"slimefun:GRANDMAS_WALKING_STICK","爷爷的拐杖":"slimefun:GRANDPAS_WALKING_STICK","处决之剑":"slimefun:SWORD_OF_BEHEADING","吸血鬼之刀":"slimefun:BLADE_OF_VAMPIRES","地震斧":"slimefun:SEISMIC_AXE","灵魂绑定剑":"slimefun:SOULBOUND_SWORD","灵魂绑定三叉戟":"slimefun:SOULBOUND_TRIDENT","灵魂绑定弓":"slimefun:SOULBOUND_BOW","爆裂之弓":"slimefun:EXPLOSIVE_BOW","冰封之弓":"slimefun:ICY_BOW","便携工作台":"slimefun:PORTABLE_CRAFTER","便携垃圾箱":"slimefun:PORTABLE_DUSTBIN","破布":"slimefun:RAG","绷带":"slimefun:BANDAGE","夹板":"slimefun:SPLINT","维他命":"slimefun:VITAMINS","药物":"slimefun:MEDICINE","小型背包":"slimefun:SMALL_BACKPACK","普通背包":"slimefun:MEDIUM_BACKPACK","中型背包":"slimefun:LARGE_BACKPACK","编织背包":"slimefun:WOVEN_BACKPACK","镀金背包":"slimefun:GILDED_BACKPACK","金光闪闪的背包":"slimefun:RADIANT_BACKPACK","小冰柜":"slimefun:COOLER","卷尺":"slimefun:TAPE_MEASURE","物品输出箱":"slimefun:OUTPUT_CHEST","增强型工作台":"slimefun:ENHANCED_CRAFTING_TABLE","磨石":"slimefun:GRIND_STONE","盔甲锻造台":"slimefun:ARMOR_FORGE","矿石粉碎机":"slimefun:ORE_CRUSHER","压缩机":"slimefun:ELECTRIC_PRESS","简易冶炼炉":"slimefun:MAKESHIFT_SMELTERY","冶炼炉":"slimefun:SMELTERY","自动点火机":"slimefun:IGNITION_CHAMBER","压力机":"slimefun:PRESSURE_CHAMBER","魔法工作台":"slimefun:MAGIC_WORKBENCH","洗矿机":"slimefun:ORE_WASHER","台锯":"slimefun:TABLE_SAW","搅拌机":"slimefun:COMPOSTER","自动淘金机":"slimefun:AUTOMATED_PANNING_MACHINE","工业矿机":"slimefun:INDUSTRIAL_MINER","进阶工业矿机":"slimefun:ADVANCED_INDUSTRIAL_MINER","坩埚":"slimefun:CRUCIBLE","榨汁机":"slimefun:JUICER","强化熔炉 - I":"slimefun:ENHANCED_FURNACE","强化熔炉 - II":"slimefun:ENHANCED_FURNACE_2","强化熔炉 - III":"slimefun:ENHANCED_FURNACE_3","强化熔炉 - IV":"slimefun:ENHANCED_FURNACE_4","强化熔炉 - V":"slimefun:ENHANCED_FURNACE_5","强化熔炉 - VI":"slimefun:ENHANCED_FURNACE_6","强化熔炉 - VII":"slimefun:ENHANCED_FURNACE_7","强化熔炉 - VIII":"slimefun:ENHANCED_FURNACE_8","强化熔炉 - IX":"slimefun:ENHANCED_FURNACE_9","强化熔炉 - X":"slimefun:ENHANCED_FURNACE_10","强化熔炉 - XI":"slimefun:ENHANCED_FURNACE_11","强化合金熔炉":"slimefun:REINFORCED_FURNACE","黑金刚石镶边熔炉":"slimefun:CARBONADO_EDGED_FURNACE","方块放置机":"slimefun:BLOCK_PLACER","淘金盘":"slimefun:GOLD_PAN","下界淘金盘":"slimefun:NETHER_GOLD_PAN","抓钩":"slimefun:GRAPPLING_HOOK","熔炉镐":"slimefun:SMELTERS_PICKAXE","伐木斧":"slimefun:LUMBER_AXE","刷怪笼之镐":"slimefun:PICKAXE_OF_CONTAINMENT","爆炸镐":"slimefun:EXPLOSIVE_PICKAXE","爆炸铲":"slimefun:EXPLOSIVE_SHOVEL","寻矿镐":"slimefun:PICKAXE_OF_THE_SEEKER","钴镐":"slimefun:COBALT_PICKAXE","矿脉镐":"slimefun:PICKAXE_OF_VEIN_MINING","攀岩镐":"slimefun:CLIMBING_PICK","灵魂绑定镐":"slimefun:SOULBOUND_PICKAXE","灵魂绑定斧":"slimefun:SOULBOUND_AXE","灵魂绑定铲":"slimefun:SOULBOUND_SHOVEL","灵魂绑定锄":"slimefun:SOULBOUND_HOE","强化合金锭":"slimefun:REINFORCED_ALLOY_INGOT","硬化金属":"slimefun:HARDENED_METAL_INGOT","大马士革钢锭":"slimefun:DAMASCUS_STEEL_INGOT","钢锭":"slimefun:STEEL_INGOT","青铜锭":"slimefun:BRONZE_INGOT","硬铝锭":"slimefun:DURALUMIN_INGOT","银铜合金锭":"slimefun:BILLON_INGOT","黄铜锭":"slimefun:BRASS_INGOT","铝黄铜锭":"slimefun:ALUMINUM_BRASS_INGOT","铝青铜锭":"slimefun:ALUMINUM_BRONZE_INGOT","科林斯青铜锭":"slimefun:CORINTHIAN_BRONZE_INGOT","焊锡锭":"slimefun:SOLDER_INGOT","人造蓝宝石":"slimefun:SYNTHETIC_SAPPHIRE","人造钻石":"slimefun:SYNTHETIC_DIAMOND","黑金刚石原矿":"slimefun:RAW_CARBONADO","镍锭":"slimefun:NICKEL_INGOT","钴锭":"slimefun:COBALT_INGOT","黑金刚石":"slimefun:CARBONADO","硅铁":"slimefun:FERROSILICON","铁粉":"slimefun:IRON_DUST","金粉":"slimefun:GOLD_DUST","铜粉":"slimefun:COPPER_DUST","锡粉":"slimefun:TIN_DUST","银粉":"slimefun:SILVER_DUST","铅粉":"slimefun:LEAD_DUST","铝粉":"slimefun:ALUMINUM_DUST","锌粉":"slimefun:ZINC_DUST","镁粉":"slimefun:MAGNESIUM_DUST","铜锭":"slimefun:COPPER_INGOT","锡锭":"slimefun:TIN_INGOT","银锭":"slimefun:SILVER_INGOT","铅锭":"slimefun:LEAD_INGOT","铝锭":"slimefun:ALUMINUM_INGOT","锌锭":"slimefun:ZINC_INGOT","镁锭":"slimefun:MAGNESIUM_INGOT","硫酸盐":"slimefun:SULFATE","碳":"slimefun:CARBON","压缩碳":"slimefun:COMPRESSED_CARBON","碳块":"slimefun:CARBON_CHUNK","金锭 (24克拉)":"slimefun:GOLD_24K","金锭 (22克拉)":"slimefun:GOLD_22K","金锭 (20克拉)":"slimefun:GOLD_20K","金锭 (18克拉)":"slimefun:GOLD_18K","金锭 (16克拉)":"slimefun:GOLD_16K","金锭 (14克拉)":"slimefun:GOLD_14K","金锭 (12克拉)":"slimefun:GOLD_12K","金锭 (10克拉)":"slimefun:GOLD_10K","金锭 (8克拉)":"slimefun:GOLD_8K","金锭 (6克拉)":"slimefun:GOLD_6K","金锭 (4克拉)":"slimefun:GOLD_4K","硅":"slimefun:SILICON","镀金铁锭":"slimefun:GILDED_IRON","人造绿宝石":"slimefun:SYNTHETIC_EMERALD","铀":"slimefun:URANIUM","红石合金锭":"slimefun:REDSTONE_ALLOY","镁盐":"slimefun:MAGNESIUM_SALT","原油桶":"slimefun:BUCKET_OF_OIL","燃料桶":"slimefun:BUCKET_OF_FUEL","下界冰":"slimefun:NETHER_ICE","起泡锭 (33%)":"slimefun:BLISTERING_INGOT","起泡锭 (66%)":"slimefun:BLISTERING_INGOT_2","起泡锭":"slimefun:BLISTERING_INGOT_3","浓缩下界冰":"slimefun:ENRICHED_NETHER_ICE","镎":"slimefun:NEPTUNIUM","钚":"slimefun:PLUTONIUM","钚铀混合氧化物核燃料":"slimefun:BOOSTED_URANIUM","幸运饼干":"slimefun:FORTUNE_COOKIE","减肥曲奇":"slimefun:DIET_COOKIE","牛肉干":"slimefun:BEEF_JERKY","猪肉干":"slimefun:PORK_JERKY","鸡肉干":"slimefun:CHICKEN_JERKY","羊肉干":"slimefun:MUTTON_JERKY","兔肉干":"slimefun:RABBIT_JERKY","鱼干":"slimefun:FISH_JERKY","海带曲奇":"slimefun:KELP_COOKIE","魔法糖":"slimefun:MAGIC_SUGAR","怪物肉干":"slimefun:MONSTER_JERKY","苹果汁":"slimefun:APPLE_JUICE","胡萝卜汁":"slimefun:CARROT_JUICE","西瓜汁":"slimefun:MELON_JUICE","南瓜汁":"slimefun:PUMPKIN_JUICE","浆果汁":"slimefun:SWEET_BERRY_JUICE","金苹果汁":"slimefun:GOLDEN_APPLE_JUICE","发光浆果汁":"slimefun:GLOW_BERRY_JUICE","魔法结晶 - I":"slimefun:MAGIC_LUMP_1","魔法结晶 - II":"slimefun:MAGIC_LUMP_2","魔法结晶 - III":"slimefun:MAGIC_LUMP_3","末影结晶 - I":"slimefun:ENDER_LUMP_1","末影结晶 - II":"slimefun:ENDER_LUMP_2","末影结晶 - III":"slimefun:ENDER_LUMP_3","魔法书皮":"slimefun:MAGICAL_BOOK_COVER","魔法玻璃":"slimefun:MAGICAL_GLASS","岩浆水晶":"slimefun:LAVA_CRYSTAL","普通护身符":"slimefun:COMMON_TALISMAN","坏死颅骨":"slimefun:NECROTIC_SKULL","来世精华":"slimefun:ESSENCE_OF_AFTERLIFE","人造潜影壳":"slimefun:SYNTHETIC_SHULKER_SHELL","已损坏的刷怪笼":"slimefun:BROKEN_SPAWNER","空白符文":"slimefun:BLANK_RUNE","古代符文 [气]":"slimefun:ANCIENT_RUNE_AIR","古代符文 [地]":"slimefun:ANCIENT_RUNE_EARTH","古代符文 [火]":"slimefun:ANCIENT_RUNE_FIRE","古代符文 [水]":"slimefun:ANCIENT_RUNE_WATER","古代符文 [末影]":"slimefun:ANCIENT_RUNE_ENDER","古代符文 [雷]":"slimefun:ANCIENT_RUNE_LIGHTNING","古代符文 [虹]":"slimefun:ANCIENT_RUNE_RAINBOW","古代符文 [灵魂绑定]":"slimefun:ANCIENT_RUNE_SOULBOUND","古代符文 [附魔]":"slimefun:ANCIENT_RUNE_ENCHANTMENT","古代符文 [村民]":"slimefun:ANCIENT_RUNE_VILLAGERS","奇怪的下界粘液":"slimefun:STRANGE_NETHER_GOO","彩虹皮革":"slimefun:RAINBOW_LEATHER","末影头盔":"slimefun:ENDER_HELMET","末影胸甲":"slimefun:ENDER_CHESTPLATE","末影护腿":"slimefun:ENDER_LEGGINGS","末影靴子":"slimefun:ENDER_BOOTS","史莱姆头盔":"slimefun:SLIME_STEEL_HELMET","史莱姆胸甲":"slimefun:SLIME_STEEL_CHESTPLATE","史莱姆护腿":"slimefun:SLIME_STEEL_LEGGINGS","史莱姆靴子":"slimefun:SLIME_STEEL_BOOTS","萤石头盔":"slimefun:GLOWSTONE_HELMET","萤石胸甲":"slimefun:GLOWSTONE_CHESTPLATE","萤石护腿":"slimefun:GLOWSTONE_LEGGINGS","萤石靴子":"slimefun:GLOWSTONE_BOOTS","彩虹头盔":"slimefun:RAINBOW_HELMET","彩虹胸甲":"slimefun:RAINBOW_CHESTPLATE","彩虹护腿":"slimefun:RAINBOW_LEGGINGS","彩虹靴子":"slimefun:RAINBOW_BOOTS","农夫的靴子":"slimefun:FARMER_SHOES","践踏者之靴":"slimefun:BOOTS_OF_THE_STOMPER","灵魂绑定头盔":"slimefun:SOULBOUND_HELMET","灵魂绑定胸甲":"slimefun:SOULBOUND_CHESTPLATE","灵魂绑定护腿":"slimefun:SOULBOUND_LEGGINGS","灵魂绑定靴子":"slimefun:SOULBOUND_BOOTS","蜜蜂头盔":"slimefun:BEE_HELMET","蜂翅":"slimefun:BEE_WINGS","蜜蜂护腿":"slimefun:BEE_LEGGINGS","蜜蜂护靴":"slimefun:BEE_BOOTS","鞘翅帽":"slimefun:ELYTRA_CAP","基础电路板":"slimefun:BASIC_CIRCUIT_BOARD","高级电路板":"slimefun:ADVANCED_CIRCUIT_BOARD","电池":"slimefun:BATTERY","钢推进器":"slimefun:STEEL_THRUSTER","能量水晶":"slimefun:POWER_CRYSTAL","光伏电池":"slimefun:SOLAR_PANEL","强化布料":"slimefun:REINFORCED_CLOTH","磁铁":"slimefun:MAGNET","电磁铁":"slimefun:ELECTRO_MAGNET","电动马达":"slimefun:ELECTRIC_MOTOR","加热线圈":"slimefun:HEATING_COIL","铜线":"slimefun:COPPER_WIRE","钢化玻璃":"slimefun:HARDENED_GLASS","冷却装置":"slimefun:COOLING_UNIT","防凋灵黑曜石":"slimefun:WITHER_PROOF_OBSIDIAN","塑料纸":"slimefun:PLASTIC_SHEET","机器人内存核心":"slimefun:ANDROID_MEMORY_CORE","防凋灵玻璃":"slimefun:WITHER_PROOF_GLASS","反应堆冷却剂":"slimefun:REACTOR_COLLANT_CELL","下界冰冷却剂":"slimefun:NETHER_ICE_COOLANT_CELL","筛矿":"slimefun:SIFTED_ORE","小麦粉":"slimefun:WHEAT_FLOUR","钢板":"slimefun:STEEL_PLATE","锁链":"slimefun:CHAIN","钩子":"slimefun:HOOK","石块":"slimefun:STONE_CHUNK","盐":"slimefun:SALT","浓奶油":"slimefun:HEAVY_CREAM","黄油":"slimefun:CHEESE","奶酪":"slimefun:BUTTER","已粉碎的矿石":"slimefun:CRUSHED_ORE","粉末状的矿石":"slimefun:PULVERIZED_ORE","纯矿簇":"slimefun:PURE_ORE_CLUSTER","一小撮铀":"slimefun:TINY_URANIUM","一小块铀":"slimefun:SMALL_URANIUM","布":"slimefun:CLOTH","锡罐":"slimefun:CAN","金块 (24克拉)":"slimefun:GOLD_24K_BLOCK","钢筋板":"slimefun:REINFORCED_PLATE","强力胶布":"slimefun:DUCT_TAPE","有机食物":"slimefun:ORGANIC_FOOD_SEAGRASS","有机肥料":"slimefun:FERTILIZER_SEAGRASS","大马士革钢头盔":"slimefun:DAMASCUS_STEEL_HELMET","大马士革钢胸甲":"slimefun:DAMASCUS_STEEL_CHESTPLATE","大马士革钢护腿":"slimefun:DAMASCUS_STEEL_LEGGINGS","大马士革钢靴子":"slimefun:DAMASCUS_STEEL_BOOTS","强化合金头盔":"slimefun:REINFORCED_ALLOY_HELMET","强化合金胸甲":"slimefun:REINFORCED_ALLOY_CHESTPLATE","强化合金护腿":"slimefun:REINFORCED_ALLOY_LEGGINGS","强化合金靴子":"slimefun:REINFORCED_ALLOY_BOOTS","仙人掌头盔":"slimefun:CACTUS_HELMET","仙人掌胸甲":"slimefun:CACTUS_CHESTPLATE","仙人掌护腿":"slimefun:CACTUS_LEGGINGS","仙人掌靴子":"slimefun:CACTUS_BOOTS","锁链头盔":"minecraft:chainmail_helmet","锁链胸甲":"minecraft:chainmail_chestplate","锁链护腿":"minecraft:chainmail_leggings","锁链靴子":"minecraft:chainmail_boots","镀金铁头盔":"slimefun:GILDED_IRON_HELMET","镀金铁胸甲":"slimefun:GILDED_IRON_CHESTPLATE","镀金铁护腿":"slimefun:GILDED_IRON_LEGGINGS","镀金铁靴子":"slimefun:GILDED_IRON_BOOTS","潜水头盔":"slimefun:SCUBA_HELMET","防化服":"slimefun:HAZMAT_CHESTPLATE","防化护腿":"slimefun:HAZMAT_LEGGINGS","防化靴":"slimefun:RUBBER_BOOTS","金头盔":"slimefun:GOLD_12K_HELMET","金胸甲":"slimefun:GOLD_12K_CHESTPLATE","金护腿":"slimefun:GOLD_12K_LEGGINGS","金靴子":"slimefun:GOLD_12K_BOOTS","铁砧护身符":"slimefun:ANVIL_TALISMAN","矿工护身符":"slimefun:MINER_TALISMAN","农夫护身符":"slimefun:FARMER_TALISMAN","猎人护身符":"slimefun:HUNTER_TALISMAN","岩浆行者护身符":"slimefun:LAVA_TALISMAN","潜水者护身符":"slimefun:WATER_TALISMAN","天使护身符":"slimefun:ANGEL_TALISMAN","消防员护身符":"slimefun:FIRE_TALISMAN","魔法师护身符":"slimefun:MAGICIAN_TALISMAN","旅行者护身符":"slimefun:TRAVELLER_TALISMAN","战士护身符":"slimefun:WARRIOR_TALISMAN","骑士护身符":"slimefun:KNIGHT_TALISMAN","穴居人护身符":"slimefun:CAVEMAN_TALISMAN","智者的护身符":"slimefun:WISE_TALISMAN","旋风护身符":"slimefun:WHIRLWIND_TALISMAN","巫师护身符":"slimefun:WIZARD_TALISMAN","末影背包":"slimefun:ENDER_BACKPACK","魔法末影之眼":"slimefun:MAGIC_EYE_OF_ENDER","元素法杖":"slimefun:STAFF_ELEMENTAL","元素法杖 - 风":"slimefun:STAFF_ELEMENTAL_WIND","元素法杖 - 水":"slimefun:STAFF_ELEMENTAL_WATER","元素法杖 - 火":"slimefun:STAFF_ELEMENTAL_FIRE","元素法杖 - 雷":"slimefun:STAFF_ELEMENTAL_STORM","还魂丹":"slimefun:MAGICAL_ZOMBIE_PILLS","吸入磁铁":"slimefun:INFUSED_MAGNET","灵魂绑定背包":"slimefun:BOUND_BACKPACK","已修复的刷怪笼":"slimefun:REINFORCED_SPAWNER","维度传送卷轴":"slimefun:SCROLL_OF_DIMENSIONAL_TELEPOSITION","学识巨著":"slimefun:TOME_OF_KNOWLEDGE_SHARING","学识之瓶":"slimefun:FLASK_OF_KNOWLEDGE","古代基座":"slimefun:ANCIENT_PEDESTAL","古代祭坛":"slimefun:ANCIENT_ALTAR","地狱骨粉":"slimefun:INFERNAL_BONEMEAL","鞘翅鳞片":"slimefun:ELYTRA_SCALE","鞘翅":"minecraft:elytra","鞘翅 (经验修补)":"slimefun:INFUSED_ELYTRA","鞘翅 (灵魂绑定)":"slimefun:SOULBOUND_ELYTRA","三叉戟":"minecraft:trident","不死图腾":"minecraft:totem_of_undying","彩虹羊毛":"slimefun:RAINBOW_WOOL","彩虹玻璃":"slimefun:RAINBOW_GLASS","彩虹玻璃板":"slimefun:RAINBOW_GLASS_PANE","彩虹粘土块":"slimefun:RAINBOW_CLAY","彩虹混凝土":"slimefun:RAINBOW_CONCRETE","彩虹带釉陶瓦":"slimefun:RAINBOW_GLAZED_TERRACOTTA","吸入漏斗":"slimefun:INFUSED_HOPPER","电力喷气背包 - I":"slimefun:DURALUMIN_JETPACK","电力喷气背包 - II":"slimefun:SOLDER_JETPACK","电力喷气背包 - III":"slimefun:BILLON_JETPACK","电力喷气背包 - IV":"slimefun:STEEL_JETPACK","电力喷气背包 - V":"slimefun:DAMASCUS_STEEL_JETPACK","电力喷气背包 - VI":"slimefun:REINFORCED_ALLOY_JETPACK","电力喷气背包 - VII":"slimefun:CARBONADO_JETPACK","装甲喷气背包":"slimefun:ARMORED_JETPACK","降落伞":"slimefun:PARACHUTE","全息投影仪":"slimefun:HOLOGRAM_PROJECTOR","多功能工具 - I":"slimefun:DURALUMIN_MULTI_TOOL","多功能工具 - II":"slimefun:SOLDER_MULTI_TOOL","多功能工具 - III":"slimefun:BILLON_MULTI_TOOL","多功能工具 - IV":"slimefun:STEEL_MULTI_TOOL","多功能工具 - V":"slimefun:DAMASCUS_STEEL_MULTI_TOOL","多功能工具 - VI":"slimefun:REINFORCED_ALLOY_MULTI_TOOL","多功能工具 - VII":"slimefun:CARBONADO_MULTI_TOOL","太阳能头盔":"slimefun:SOLAR_HELMET","夜视眼镜":"slimefun:NIGHT_VISION_GOGGLES","喷气靴 - I":"slimefun:DURALUMIN_JETBOOTS","喷气靴 - II":"slimefun:SOLDER_JETBOOTS","喷气靴 - III":"slimefun:BILLON_JETBOOTS","喷气靴 - IV":"slimefun:STEEL_JETBOOTS","喷气靴 - V":"slimefun:DAMASCUS_STEEL_JETBOOTS","喷气靴 - VI":"slimefun:REINFORCED_ALLOY_JETBOOTS","喷气靴 - VII":"slimefun:CARBONADO_JETBOOTS","装甲喷气靴":"slimefun:ARMORED_JETBOOTS","万用表":"slimefun:MULTIMETER","末影铁砧护身符":"slimefun:ENDER_ANVIL_TALISMAN","末影矿工护身符":"slimefun:ENDER_MINER_TALISMAN","末影农夫护身符":"slimefun:ENDER_FARMER_TALISMAN","末影猎人护身符":"slimefun:ENDER_HUNTER_TALISMAN","末影岩浆行者护身符":"slimefun:ENDER_LAVA_TALISMAN","末影潜水者护身符":"slimefun:ENDER_WATER_TALISMAN","末影天使护身符":"slimefun:ENDER_ANGEL_TALISMAN","末影消防员护身符":"slimefun:ENDER_FIRE_TALISMAN","末影魔法师护身符":"slimefun:ENDER_MAGICIAN_TALISMAN","末影旅行者护身符":"slimefun:ENDER_TRAVELLER_TALISMAN","末影战士护身符":"slimefun:ENDER_WARRIOR_TALISMAN","末影骑士护身符":"slimefun:ENDER_KNIGHT_TALISMAN","末影穴居人护身符":"slimefun:ENDER_CAVEMAN_TALISMAN","末影智者的护身符":"slimefun:ENDER_WISE_TALISMAN","末影旋风护身符":"slimefun:ENDER_WHIRLWIND_TALISMAN","末影巫师护身符":"slimefun:ENDER_WIZARD_TALISMAN","能源调节器":"slimefun:ENERGY_REGULATOR","能源连接器":"slimefun:ENERGY_CONNECTOR","小型储能电容":"slimefun:SMALL_CAPACITOR","中型储能电容":"slimefun:MEDIUM_CAPACITOR","大型储能电容":"slimefun:BIG_CAPACITOR","巨型储能电容":"slimefun:LARGE_CAPACITOR","黑金刚石镶边储能电容":"slimefun:CARBONADO_EDGED_CAPACITOR","终极储能电容":"slimefun:ENERGIZED_CAPACITOR","太阳能发电机":"slimefun:SOLAR_GENERATOR","高级太阳能发电机":"slimefun:SOLAR_GENERATOR_2","黑金刚石太阳能发电机":"slimefun:SOLAR_GENERATOR_3","充能太阳能发电机":"slimefun:SOLAR_GENERATOR_4","充电台":"slimefun:CHARGING_BENCH","电炉":"slimefun:ELECTRIC_FURNACE","电炉 - II":"slimefun:ELECTRIC_FURNACE_2","电炉 - III":"slimefun:ELECTRIC_FURNACE_3","电动淘金机":"slimefun:ELECTRIC_GOLD_PAN","电动淘金机 (II)":"slimefun:ELECTRIC_GOLD_PAN_2","电动淘金机 (III)":"slimefun:ELECTRIC_GOLD_PAN_3","电动洗矿机":"slimefun:ELECTRIC_DUST_WASHER","电动洗矿机 (II)":"slimefun:ELECTRIC_DUST_WASHER_2","电动洗矿机 (III)":"slimefun:ELECTRIC_DUST_WASHER_3","电动铸锭机":"slimefun:ELECTRIC_INGOT_FACTORY","电动铸锭机 (II)":"slimefun:ELECTRIC_INGOT_FACTORY_2","电动铸锭机 (III)":"slimefun:ELECTRIC_INGOT_FACTORY_3","电动坩埚":"slimefun:ELECTRIFIED_CRUCIBLE","电动坩埚 - II":"slimefun:ELECTRIFIED_CRUCIBLE_2","电动坩埚 - III":"slimefun:ELECTRIFIED_CRUCIBLE_3","电力碎矿机":"slimefun:ELECTRIC_ORE_GRINDER","电力碎矿机 (II)":"slimefun:ELECTRIC_ORE_GRINDER_2","电力碎矿机 (III)":"slimefun:ELECTRIC_ORE_GRINDER_3","加热压力舱":"slimefun:HEATED_PRESSURE_CHAMBER","加热压力舱 - II":"slimefun:HEATED_PRESSURE_CHAMBER_2","电力打粉机":"slimefun:ELECTRIC_INGOT_PULVERIZER","煤发电机":"slimefun:COAL_GENERATOR_2","生物发电机":"slimefun:BIO_REACTOR","自动烘干机":"slimefun:AUTO_DRIER","自动酿造机":"slimefun:AUTO_BREWER","压缩机 - II":"slimefun:ELECTRIC_PRESS_2","镁发电机":"slimefun:MAGNESIUM_GENERATOR","自动附魔机":"slimefun:AUTO_ENCHANTER","自动附魔机 - II":"slimefun:AUTO_ENCHANTER_2","自动祛魔机":"slimefun:AUTO_DISENCHANTER","自动祛魔机 - II":"slimefun:AUTO_DISENCHANTER_2","自动铁砧":"slimefun:AUTO_ANVIL","自动铁砧 Mk.II":"slimefun:AUTO_ANVIL_2","附魔书整合机":"slimefun:BOOK_BINDER","炼油机":"slimefun:REFINERY","岩浆发电机":"slimefun:LAVA_GENERATOR","岩浆发电机 (II)":"slimefun:LAVA_GENERATOR_2","燃烧反应机":"slimefun:COMBUSTION_REACTOR","食品加工机":"slimefun:FOOD_FABRICATOR","食品加工机 (II)":"slimefun:FOOD_FABRICATOR_2","自动喂食机":"slimefun:AUTO_BREEDER","动物生长加速器":"slimefun:ANIMAL_GROWTH_ACCELERATOR","树木生长加速器":"slimefun:TREE_GROWTH_ACCELERATOR","经验收集器":"slimefun:XP_COLLECTOR","食品堆肥器":"slimefun:FOOD_COMPOSTER","食品堆肥器 (II)":"slimefun:FOOD_COMPOSTER_2","作物生长加速器":"slimefun:CROP_GROWTH_ACCELERATOR","作物生长加速器 (II)":"slimefun:CROP_GROWTH_ACCELERATOR_2","冰箱":"slimefun:FREEZER","冰箱 (II)":"slimefun:FREEZER_2","冰箱 (III)":"slimefun:FREEZER_3","核反应堆":"slimefun:NUCLEAR_REACTOR","下界之星反应堆":"slimefun:NETHERSTAR_REACTOR","流体泵":"slimefun:FLUID_PUMP","碳压机":"slimefun:CARBON_PRESS","碳压机 - II":"slimefun:CARBON_PRESS_2","碳压机 - III":"slimefun:CARBON_PRESS_3","电力冶炼炉":"slimefun:ELECTRIC_SMELTERY","电力冶炼炉 - II":"slimefun:ELECTRIC_SMELTERY_2","铁傀儡装配机":"slimefun:IRON_GOLEM_ASSEMBLER","凋灵装配机":"slimefun:WITHER_ASSEMBLER","全自动收集机":"slimefun:PRODUCE_COLLECTOR","GPS 发射器":"slimefun:GPS_TRANSMITTER","高级 GPS 发射器":"slimefun:GPS_TRANSMITTER_2","黑金刚石 GPS 发射器":"slimefun:GPS_TRANSMITTER_3","充能 GPS 发射器":"slimefun:GPS_TRANSMITTER_4","GPS 控制面板":"slimefun:GPS_CONTROL_PANEL","GPS 设置路径点工具":"slimefun:GPS_MARKER_TOOL","GPS 应急发射器":"slimefun:GPS_EMERGENCY_TRANSMITTER","GPS 地形扫描器":"slimefun:GPS_GEO_SCANNER","便携式资源扫描器":"slimefun:PORTABLE_GEO_SCANNER","原油泵":"slimefun:OIL_PUMP","自然资源开采机":"slimefun:GEO_MINER","GPS 信号塔":"slimefun:GPS_TELEPORTER_PYLON","GPS 传送矩阵":"slimefun:GPS_TELEPORTATION_MATRIX","便携式传送器":"slimefun:PORTABLE_TELEPORTER","GPS 激活设备 (公共)":"slimefun:GPS_ACTIVATION_DEVICE_SHARED","GPS 激活设备 (私人)":"slimefun:GPS_ACTIVATION_DEVICE_PERSONAL","电梯板":"slimefun:ELEVATOR_PLATE","机器人交互接口 (物品)":"slimefun:ANDROID_INTERFACE_ITEMS","机器人交互接口 (燃料)":"slimefun:ANDROID_INTERFACE_FUEL","可编程式机器人 (普通)":"slimefun:PROGRAMMABLE_ANDROID","可编程式机器人 (矿工)":"slimefun:PROGRAMMABLE_ANDROID_MINER","可编程式机器人 (农夫)":"slimefun:PROGRAMMABLE_ANDROID_FARMER","可编程式机器人 (樵夫)":"slimefun:PROGRAMMABLE_ANDROID_WOODCUTTER","可编程式机器人 (渔夫)":"slimefun:PROGRAMMABLE_ANDROID_FISHERMAN","可编程式机器人 (屠夫)":"slimefun:PROGRAMMABLE_ANDROID_BUTCHER","高级可编程式机器人 (普通)":"slimefun:PROGRAMMABLE_ANDROID_2","高级可编程式机器人 (渔夫)":"slimefun:PROGRAMMABLE_ANDROID_2_FISHERMAN","高级可编程式机器人 (屠夫)":"slimefun:PROGRAMMABLE_ANDROID_2_BUTCHER","高级可编程式机器人 (农夫)":"slimefun:PROGRAMMABLE_ANDROID_2_FARMER","可授权式可编程式机器人 (普通)":"slimefun:PROGRAMMABLE_ANDROID_3","可授权式可编程式机器人 (渔夫)":"slimefun:PROGRAMMABLE_ANDROID_3_FISHERMAN","可授权式可编程式机器人 (屠夫)":"slimefun:PROGRAMMABLE_ANDROID_3_BUTCHER","货运马达":"slimefun:CARGO_MOTOR","货运管理器":"slimefun:CARGO_MANAGER","货运节点 (连接器)":"slimefun:CARGO_NODE","货运节点 (输入)":"slimefun:CARGO_NODE_INPUT","货运节点 (输出)":"slimefun:CARGO_NODE_OUTPUT","高级货运节点 (输出)":"slimefun:CARGO_NODE_OUTPUT_ADVANCED","反应堆访问接口":"slimefun:REACTOR_ACCESS_PORT","垃圾箱":"slimefun:TRASH_CAN_BLOCK","合成机马达":"slimefun:CRAFTING_MOTOR","自动合成机 (原版)":"slimefun:VANILLA_AUTO_CRAFTER","自动合成机 (高级)":"slimefun:ENHANCED_AUTO_CRAFTER","自动合成机 (盔甲锻造)":"slimefun:ARMOR_AUTO_CRAFTER","合成机智能交互接口":"slimefun:CRAFTER_SMART_PORT"}